bitrh_dates,pups_born,pups_beforeW,weaned_f,weaned_m
06.03.2007,7,7,3,4
07.03.2007,3,3,2,1
06.03.2007,3,3,1,2
06.03.2007,5,5,3,2
07.03.2007,3,3,2,1
07.03.2007,7,7,4,3
07.03.2007,5,5,2,3
12.03.2007,5,5,3,2
14.03.2007,5,5,1,4
14.03.2007,8,8,6,2
15.03.2007,10,10,5,5
14.03.2007,4,4,2,2
14.03.2007,10,10,5,5
21.03.2007,2,2,2,0
21.03.2007,11,11,5,6
21.03.2007,7,7,3,4
21.03.2007,5,5,1,4
04.04.2007,7,7,1,6
28.03.2007,5,5,3,2
28.03.2007,4,4,0,4
27.03.2007,7,7,5,2
28.03.2007,3,3,0,3
25.04.2007,7,7,4,3
25.04.2007,7,7,2,5
24.04.2007,14,14,9,5
24.04.2007,9,9,5,4
25.04.2007,11,11,7,4
25.04.2007,12,12,8,4
10.05.2007,2,2,1,1
17.05.2007,2,2,2,0
26.08.2007,5,0,0,0
26.08.2007,14,0,0,0
04.02.2008,2,2,1,1
04.02.2008,4,4,2,2
04.02.2008,3,3,2,1
12.02.2008,5,5,3,2
12.02.2008,5,5,0,5
12.02.2008,2,2,1,1
05.02.2008,8,8,4,4
05.02.2008,5,5,2,3
26.02.2008,9,9,4,5
30.09.2007,5,5,2,3
03.10.2007,4,4,1,3
03.10.2007,7,7,5,2
08.11.2007,3,3,2,1
09.11.2007,11,11,5,6
13.11.2007,2,2,1,1
13.11.2007,3,3,2,1
15.12.2007,10,9,6,3
14.11.2007,10,0,0,0
21.11.2007,2,2,0,2
22.12.2007,6,6,4,2
05.12.2007,5,5,4,1
28.02.2008,12,12,5,7
26.02.2008,8,8,3,5
27.02.2008,3,3,3,0
28.01.2008,10,0,0,0
28.01.2008,12,0,0,0
18.12.2007,2,2,1,1
18.12.2007,2,2,0,0
18.12.2007,9,9,5,4
05.12.2007,6,6,4,2
11.12.2007,10,10,5,5
12.12.2007,6,6,3,3
12.12.2007,3,3,1,2
18.12.2007,6,6,1,5
03.01.2008,9,8,2,6
09.01.2008,7,7,3,4
07.01.2008,11,11,6,5
28.01.2008,15,0,0,0
25.02.2008,6,6,4,2
19.04.2008,5,5,3,2
28.03.2008,9,9,4,2
01.03.2008,6,6,5,0
30.01.2008,14,14,9,0
09.01.2008,14,14,4,10
18.12.2007,13,13,8,0
26.11.2007,13,13,5,8
02.11.2007,14,14,4,0
19.09.2007,16,16,9,7
16.06.2008,1,1,1,0
03.05.2008,4,4,4,0
11.04.2008,8,8,6,2
14.03.2008,9,9,4,0
25.02.2008,12,12,5,0
21.01.2008,13,13,6,0
04.01.2008,15,15,10,0
26.11.2007,10,10,5,0
21.09.2007,14,14,6,8
16.06.2008,2,2,2,0
03.05.2008,6,6,6,0
12.04.2008,9,9,7,2
14.03.2008,7,7,3,0
08.02.2008,11,11,0,0
28.01.2008,14,14,7,0
09.01.2008,13,13,6,7
18.12.2007,10,10,6,0
23.11.2007,5,5,5,0
18.10.2007,4,4,2,0
21.09.2007,14,14,5,9
01.02.2008,2,2,1,0
09.01.2008,2,3,2,1
18.10.2007,11,11,7,0
15.06.2008,2,2,2,0
03.05.2008,5,5,5,0
12.04.2008,8,8,6,2
15.02.2008,12,12,6,6
20.01.2008,14,14,6,0
27.12.2007,15,15,8,0
08.12.2007,8,8,7,1
22.11.2007,5,5,0,0
19.09.2007,13,13,7,6
23.01.2008,5,5,2,0
02.06.2008,4,4,4,0
10.05.2008,10,10,4,0
19.04.2008,6,6,4,2
30.03.2008,9,9,2,2
26.03.2008,12,12,5,0
16.02.2008,14,14,9,0
20.01.2008,13,13,4,0
27.12.2007,10,10,5,0
18.12.2007,6,6,6,0
23.11.2007,4,4,4,0
23.11.2007,6,6,6,0
19.09.2007,14,14,11,3
19.04.2008,3,3,2,1
17.02.2008,8,8,6,0
20.01.2008,8,8,7,0
28.12.2007,12,12,5,0
06.12.2007,13,13,4,0
09.05.2008,9,9,3,0
01.03.2008,13,13,12,1
31.01.2008,13,13,4,0
09.01.2008,13,13,6,7
02.12.2007,10,10,4,0
02.12.2007,9,9,6,0
26.11.2007,8,8,4,0
18.10.2007,3,3,2,0
19.09.2007,8,8,8,0
19.09.2007,18,18,10,8
10.05.2008,4,4,4,0
10.05.2008,2,2,2,0
19.04.2008,5,5,3,2
28.03.2008,14,14,7,2
23.02.2008,11,11,5,0
29.01.2008,13,13,7,0
07.01.2008,16,16,9,7
07.12.2007,7,7,7,0
23.11.2007,4,4,4,0
19.09.2007,11,11,6,5
11.05.2008,4,4,4,0
28.04.2008,5,5,5,0
29.03.2008,9,9,1,0
23.02.2008,13,13,7,0
24.01.2008,14,14,5,0
04.01.2008,9,9,3,6
02.12.2007,15,15,8,0
02.11.2007,12,12,6,0
19.09.2007,12,12,6,6
26.01.2008,11,11,5,0
26.12.2007,11,11,6,5
22.11.2007,7,7,7,0
02.11.2007,7,7,7,0
19.09.2007,13,13,6,7
10.04.2008,8,8,6,2
28.03.2008,13,13,6,0
23.02.2008,9,9,3,0
17.01.2008,16,16,7,0
26.12.2007,14,14,9,0
26.11.2007,4,4,4,0
02.11.2007,8,8,8,0
19.09.2007,15,15,10,5
28.03.2008,9,9,5,0
14.01.2008,10,10,4,0
26.12.2007,12,12,8,0
12.12.2007,11,11,2,0
02.11.2007,8,8,3,0
19.09.2007,11,11,6,5
08.05.2008,4,4,3,0
19.04.2008,8,8,6,2
29.03.2008,11,11,7,2
25.02.2008,13,13,4,9
31.01.2008,17,17,8,0
04.01.2008,12,12,5,7
06.12.2007,11,11,7,0
26.11.2007,8,8,8,0
19.09.2007,8,7,3,4
19.04.2008,4,4,4,0
27.03.2008,8,8,3,2
15.01.2008,17,17,9,0
26.12.2007,16,16,9,7
02.12.2007,12,12,7,0
18.10.2007,11,11,5,0
01.06.2008,5,5,5,0
03.05.2008,8,8,6,2
12.04.2008,9,13,4,2
15.03.2008,13,13,7,6
27.08.2007,6,6,2,4
27.08.2007,7,6,4,2
06.09.2007,4,4,1,3
06.09.2007,4,4,3,1
06.09.2007,11,11,6,5
06.09.2007,12,12,4,8
04.09.2007,4,4,2,2
04.09.2007,8,8,4,4
04.09.2007,4,4,3,1
04.09.2007,6,6,4,2
29.08.2007,10,10,6,4
29.08.2007,8,7,5,2
29.08.2007,10,10,5,5
29.08.2007,4,0,0,0
03.09.2007,7,7,2,5
12.09.2007,6,6,4,2
21.09.2007,4,4,2,2
12.09.2007,7,7,4,3
12.09.2007,6,6,2,4
12.09.2007,6,6,2,4
12.09.2007,2,2,2,0
12.09.2007,6,6,4,2
11.09.2007,1,1,1,0
06.09.2007,7,7,5,2
06.09.2007,7,7,5,2
06.09.2007,5,5,2,3
16.08.2007,5,5,2,3
16.08.2007,6,6,2,4
16.08.2007,6,6,1,5
15.08.2007,4,0,0,0
15.08.2007,8,8,4,4
15.08.2007,6,6,6,0
22.08.2007,6,6,2,4
25.08.2007,10,0,0,0
26.08.2007,13,0,0,0
13.08.2007,5,5,4,1
13.08.2007,3,3,1,2
13.08.2007,7,7,3,4
07.08.2007,8,8,4,4
07.08.2007,2,2,0,2
13.08.2007,6,6,2,4
13.08.2007,8,8,2,6
13.08.2007,3,3,2,1
09.08.2007,2,2,1,1
07.08.2007,5,5,2,3
09.08.2007,6,6,2,4
18.01.2008,4,4,4,0
29.10.2007,7,7,3,4
24.10.2007,9,9,7,2
10.10.2007,1,1,1,0
23.10.2007,7,7,3,4
23.10.2007,10,10,4,6
24.10.2007,5,5,1,4
06.11.2007,4,4,3,1
05.11.2007,10,8,5,3
05.11.2007,11,10,5,5
26.08.2007,15,0,0,0
12.06.2007,4,4,2,2
26.08.2007,5,0,0,0
05.07.2007,5,5,3,2
18.07.2007,4,4,2,2
30.07.2007,6,6,4,2
30.07.2007,6,3,1,2
25.07.2007,10,10,7,3
25.07.2007,3,3,2,1
02.08.2007,4,7,5,2
02.08.2007,6,6,5,1
02.08.2007,2,2,1,1
02.08.2007,9,9,5,4
23.07.2007,7,7,1,6
25.07.2007,4,4,1,3
15.11.2008,4,4,4,0
25.10.2008,16,7,5,2
05.10.2008,10,10,6,4
26.07.2008,10,10,8,0
15.06.2008,3,3,3,0
16.11.2008,6,10,5,5
21.09.2008,9,9,9,0
20.08.2008,12,6,6,0
01.08.2008,7,7,7,0
06.07.2008,7,7,7,0
16.06.2008,7,7,7,0
01.11.2008,14,14,7,0
15.09.2008,5,5,5,0
20.08.2008,15,7,7,0
27.07.2008,9,9,9,0
03.07.2008,9,9,9,0
03.06.2008,8,8,8,0
15.11.2008,4,4,4,0
18.10.2008,12,12,2,0
03.10.2008,7,7,3,4
02.09.2008,18,18,10,0
10.08.2008,18,18,9,9
05.07.2008,7,7,7,0
14.12.2008,8,8,6,2
15.11.2008,8,8,6,2
27.10.2008,10,10,4,0
25.08.2008,20,12,12,0
02.08.2008,12,12,12,0
13.07.2008,14,14,14,0
22.06.2008,8,8,8,0
13.12.2008,1,1,0,1
03.11.2008,7,7,2,0
16.10.2008,9,9,5,0
01.09.2008,16,16,10,0
15.07.2008,9,9,9,0
21.06.2008,8,8,8,0
03.06.2008,4,4,4,0
16.11.2008,4,4,4,0
28.10.2008,9,9,5,2
22.09.2008,8,8,2,6
05.08.2008,16,16,6,10
16.07.2008,9,9,9,0
28.06.2008,5,5,5,0
16.11.2008,11,11,5,6
05.10.2008,14,13,9,4
04.09.2008,16,16,9,0
10.08.2008,12,12,7,5
27.07.2008,5,5,5,0
15.06.2008,6,6,6,0
13.12.2008,5,5,5,0
05.11.2008,13,2,2,0
15.09.2008,4,4,4,0
20.08.2008,16,8,8,0
01.08.2008,6,6,6,0
04.07.2008,11,11,11,0
03.06.2008,3,3,3,0
22.04.2008,10,10,4,6
05.05.2008,3,3,2,1
05.05.2008,4,4,3,1
05.05.2008,3,3,2,1
30.04.2008,7,7,4,2
28.04.2008,8,8,1,7
23.04.2008,4,4,2,2
23.04.2008,7,7,2,5
17.04.2008,8,0,0,0
17.04.2008,8,8,1,7
17.06.2008,4,4,1,3
25.06.2008,6,6,3,3
25.06.2008,5,5,3,2
25.06.2008,5,5,2,3
25.06.2008,7,7,3,4
25.06.2008,5,5,3,2
25.06.2008,11,9,2,7
10.07.2008,4,4,3,1
08.07.2008,11,11,6,5
08.07.2008,14,13,7,6
08.07.2008,13,13,6,7
08.07.2008,8,8,2,6
08.07.2008,11,10,6,4
30.06.2008,9,9,6,3
10.06.2008,13,13,8,5
04.06.2008,3,3,0,0
04.06.2008,7,8,5,3
09.03.2008,2,2,1,1
09.03.2008,7,7,4,3
11.03.2008,5,5,4,1
11.03.2008,11,11,6,5
02.03.2008,4,4,2,2
04.03.2008,5,5,2,3
04.03.2008,3,3,1,2
31.03.2008,5,5,4,1
03.04.2008,6,5,4,1
18.01.2008,11,0,0,0
31.03.2008,9,9,4,5
28.01.2008,11,0,0,0
01.04.2008,8,8,5,3
03.05.2008,9,9,4,5
20.02.2008,3,3,1,2
17.04.2008,2,2,2,0
17.04.2008,4,4,3,1
28.01.2008,18,0,0,0
25.03.2008,3,3,2,1
12.03.2008,7,7,4,3
13.03.2008,3,3,0,3
20.03.2008,7,6,2,4
20.03.2008,7,7,1,6
11.01.2008,13,13,5,8
11.04.2007,2,2,0,2
12.04.2007,5,5,1,4
12.04.2007,8,8,7,1
12.04.2007,8,8,4,4
09.05.2007,9,9,4,5
29.05.2007,8,8,3,5
29.05.2007,5,5,3,2
30.05.2007,4,4,4,0
30.05.2007,5,5,3,2
30.05.2007,6,6,3,3
30.05.2007,3,3,1,2
06.06.2007,10,10,2,8
08.06.2007,6,6,4,2
06.06.2007,9,9,4,5
06.06.2007,5,5,3,2
06.06.2007,4,4,2,2
06.06.2007,6,6,2,4
14.02.2007,10,10,6,4
13.02.2007,7,7,5,2
13.02.2007,11,11,3,8
14.02.2007,6,6,1,5
14.02.2007,8,7,5,2
14.02.2007,4,4,1,3
20.02.2007,5,5,4,1
20.02.2007,5,5,0,0
20.02.2007,9,9,5,4
21.02.2007,2,2,1,1
21.02.2007,7,10,5,5
21.02.2007,11,11,6,5
20.02.2007,2,2,0,2
20.02.2007,5,5,0,0
20.02.2007,7,7,4,3
28.02.2007,6,6,2,4
27.02.2007,11,11,6,5
28.02.2007,4,4,3,1
26.02.2007,11,11,3,8
21.02.2007,4,4,2,2
21.02.2007,7,7,2,5
20.02.2007,5,5,3,2
05.03.2007,6,6,3,3
27.02.2007,11,10,6,4
12.03.2007,9,9,6,3
06.03.2007,8,8,4,4
15.02.2007,9,5,4,1
14.02.2007,6,6,3,3
10.06.2007,15,15,5,2
16.05.2007,14,14,7,0
25.04.2007,10,10,2,2
04.04.2007,18,18,5,0
12.03.2007,17,17,10,0
10.03.2007,14,14,8,0
10.01.2007,16,16,6,10
20.12.2006,10,10,3,0
26.11.2006,12,12,6,6
10.06.2007,15,15,4,0
22.05.2007,13,13,2,0
01.05.2007,11,11,6,2
21.03.2007,5,5,5,0
17.01.2007,15,15,5,0
20.12.2006,16,16,5,10
25.11.2006,13,13,9,4
01.05.2007,16,14,6,0
17.01.2007,16,16,5,0
20.12.2006,13,16,11,5
25.11.2006,13,13,6,7
22.06.2007,15,15,11,0
24.05.2007,13,13,4,0
01.05.2007,16,16,7,2
04.04.2007,18,18,5,0
10.03.2007,15,15,5,0
17.01.2007,14,14,7,0
22.12.2006,12,12,6,6
25.11.2006,10,10,4,6
14.05.2007,4,4,2,0
19.04.2007,14,14,2,2
07.03.2007,17,17,5,0
17.01.2007,14,12,5,0
20.12.2006,14,13,9,4
26.11.2006,17,17,2,0
10.06.2007,4,4,1,0
25.04.2007,13,13,7,2
04.04.2007,12,12,6,0
07.03.2007,15,15,9,0
15.01.2007,15,11,3,0
20.12.2006,15,15,4,0
25.11.2006,12,12,4,0
16.05.2007,12,12,5,0
25.04.2007,14,14,2,2
02.04.2007,15,15,5,0
07.03.2007,15,15,4,0
10.01.2007,16,16,8,8
19.12.2006,8,8,7,0
26.11.2006,13,13,6,0
21.06.2007,12,12,6,2
01.06.2007,14,14,8,0
03.05.2007,14,14,8,6
12.03.2007,17,17,5,0
27.01.2007,12,12,6,6
04.01.2007,13,13,4,9
26.11.2006,12,11,4,7
01.06.2007,12,12,8,0
04.05.2007,11,11,2,2
23.03.2007,5,5,5,0
21.01.2007,17,17,7,0
26.11.2006,13,13,6,0
12.06.2007,13,13,6,0
16.05.2007,17,17,10,0
23.04.2007,15,15,2,3
02.04.2007,10,10,3,0
08.03.2007,18,18,8,0
17.01.2007,19,19,9,0
20.12.2006,20,20,11,0
26.11.2006,18,17,10,0
10.07.2007,11,0,0,0
21.06.2007,10,10,7,0
01.06.2007,4,4,1,0
04.05.2007,17,17,10,0
11.04.2007,18,18,14,11
20.03.2007,6,6,6,0
10.01.2007,16,15,8,7
18.12.2006,18,18,9,9
25.11.2006,15,15,9,0
22.06.2007,7,7,2,0
28.05.2007,14,14,3,0
01.05.2007,14,14,4,2
08.04.2007,12,12,4,0
12.03.2007,16,16,4,0
16.01.2007,15,14,6,0
20.12.2006,13,13,3,0
26.11.2006,11,11,7,0
18.04.2007,12,0,0,0
24.03.2007,13,13,7,0
07.03.2007,16,16,10,0
10.01.2007,15,15,8,7
18.12.2006,15,15,8,0
26.11.2006,8,8,3,0
22.05.2007,7,7,1,0
24.04.2007,15,15,7,2
02.04.2007,14,14,5,0
07.03.2007,17,17,8,0
10.01.2007,18,17,8,9
20.12.2006,15,15,7,8
26.11.2006,14,14,9,0
06.06.2007,5,0,0,0
16.05.2007,11,11,2,0
25.04.2007,12,12,2,2
02.04.2007,7,7,3,0
12.03.2007,7,7,7,0
07.01.2007,9,9,1,8
20.12.2006,9,9,5,4
26.11.2006,6,6,4,0
10.07.2007,9,0,0,0
22.06.2007,8,8,5,0
24.05.2007,11,11,4,0
01.05.2007,14,14,8,2
03.04.2007,20,20,7,0
07.03.2007,15,15,3,0
17.01.2007,15,15,8,0
20.12.2006,18,18,7,0
26.11.2006,12,12,8,0
12.06.2007,12,12,4,0
16.05.2007,11,11,5,0
23.04.2007,9,9,3,2
02.04.2007,17,17,6,0
07.03.2007,19,19,10,0
16.01.2007,14,14,10,0
20.12.2006,16,16,10,0
25.11.2006,12,12,7,0
10.06.2007,7,7,5,2
06.05.2007,15,15,10,0
11.04.2007,12,12,4,0
12.03.2007,17,17,7,0
17.01.2007,18,18,6,0
20.12.2006,17,16,10,6
26.11.2006,13,13,9,0
10.06.2007,12,12,7,2
11.04.2007,12,12,9,0
23.03.2007,12,12,7,0
17.01.2007,16,16,4,0
20.12.2006,16,16,9,7
25.11.2006,13,13,5,0
21.06.2007,13,13,7,2
03.05.2007,14,14,3,0
09.04.2007,15,15,6,0
12.03.2007,15,15,6,0
10.01.2007,13,13,8,5
20.12.2006,18,18,6,0
26.11.2006,14,14,8,0
03.05.2007,12,12,8,0
04.04.2007,18,16,8,8
09.03.2007,15,15,6,0
24.01.2007,18,18,7,0
26.12.2006,14,14,10,0
27.11.2006,11,11,4,0
21.06.2007,8,8,2,2
01.06.2007,15,15,9,0
21.04.2007,14,14,8,6
10.03.2007,12,12,6,0
17.01.2007,17,17,7,0
26.12.2006,17,17,6,0
04.12.2006,13,13,4,0
10.06.2007,4,4,1,2
06.05.2007,12,12,10,0
14.04.2007,11,11,3,0
23.03.2007,15,15,5,0
17.01.2007,14,14,4,0
20.12.2006,13,15,8,7
26.11.2006,14,14,7,0
02.08.2007,12,13,6,7
18.04.2007,12,12,5,7
24.03.2007,17,17,8,0
17.01.2007,10,10,4,0
20.12.2006,16,16,9,0
01.12.2006,15,15,6,0
08.04.2007,9,9,2,0
12.03.2007,18,18,4,0
17.01.2007,17,17,6,0
24.12.2006,15,15,4,0
02.12.2006,17,17,11,0
02.04.2007,6,0,0,0
10.03.2007,9,9,4,0
20.12.2006,11,11,4,0
28.12.2006,10,10,2,0
10.12.2006,14,14,8,0
13.05.2008,2,2,0,0
11.06.2008,14,14,8,6
11.06.2008,6,6,4,2
17.07.2008,3,3,0,3
12.06.2008,4,4,1,3
12.06.2008,5,4,2,2
11.06.2008,14,14,7,7
27.05.2008,3,3,1,2
27.05.2008,6,6,4,2
18.01.2008,12,0,0,0
12.05.2008,6,6,4,2
15.05.2008,5,5,3,2
13.05.2008,4,4,3,1
15.05.2008,3,3,2,1
01.02.2010,7,7,7,0
28.05.2010,15,15,8,7
22.02.2010,9,8,8,0
01.02.2010,3,3,3,0
01.05.2010,3,3,3,0
26.03.2010,4,4,4,0
12.03.2010,9,9,9,0
22.02.2010,1,1,1,0
01.02.2010,6,6,6,0
01.05.2010,4,4,4,0
22.02.2010,5,5,5,0
22.01.2010,3,3,3,0
02.09.2010,4,4,4,0
21.07.2010,5,5,5,0
04.07.2010,7,7,7,0
25.06.2010,6,6,6,0
01.05.2010,4,4,4,0
02.04.2010,7,7,7,0
12.03.2010,4,4,4,0
22.02.2010,3,3,3,0
22.01.2010,5,5,5,0
02.09.2010,3,3,3,0
02.08.2010,5,5,5,0
15.07.2010,4,4,4,0
25.06.2010,5,5,5,0
28.05.2010,12,12,5,7
01.05.2010,10,10,10,0
10.04.2010,8,8,8,0
29.03.2010,6,6,6,0
02.02.2010,8,8,8,0
22.01.2010,8,8,8,0
02.09.2010,3,3,3,0
02.08.2010,4,4,4,0
15.07.2010,2,2,2,0
25.06.2010,6,6,6,0
14.05.2010,9,9,9,0
10.04.2010,3,3,3,0
28.03.2010,4,4,4,0
22.02.2010,10,10,10,0
22.01.2010,5,5,5,0
15.07.2010,2,2,2,0
28.05.2010,4,4,4,0
14.05.2010,8,8,8,0
16.03.2010,10,10,10,0
05.03.2010,9,9,9,0
22.01.2010,6,6,6,0
15.06.2010,5,5,5,0
05.05.2010,4,4,4,0
01.05.2010,7,7,7,0
05.03.2010,6,6,6,0
05.03.2010,10,10,10,0
01.02.2010,3,3,3,0
15.07.2010,1,1,1,0
19.04.2010,1,1,1,0
01.02.2010,4,4,4,0
02.09.2010,1,1,1,0
02.08.2010,3,3,3,0
15.07.2010,3,3,3,0
25.06.2010,10,10,10,0
28.05.2010,12,12,5,7
14.05.2010,7,7,7,0
19.04.2010,3,3,3,0
12.03.2010,0,7,7,0
02.02.2010,6,6,6,0
05.05.2010,6,6,6,0
01.05.2010,4,4,4,0
10.04.2010,6,6,6,0
05.03.2010,9,9,9,0
02.02.2010,1,1,1,0
22.01.2010,1,1,1,0
05.03.2010,7,7,7,0
21.01.2010,13,13,4,9
04.07.2010,2,2,2,0
05.05.2010,4,4,4,0
10.04.2010,4,4,4,0
26.03.2010,6,6,6,0
22.01.2010,10,10,10,0
04.07.2010,2,2,2,0
04.06.2010,1,1,1,0
14.05.2010,5,5,5,0
01.05.2010,4,4,4,0
02.04.2010,4,4,4,0
12.03.2010,0,8,8,0
22.02.2010,7,7,7,0
22.01.2010,8,8,8,0
02.08.2010,4,4,4,0
04.07.2010,3,3,3,0
14.05.2010,4,4,4,0
01.05.2010,1,1,1,0
10.04.2010,6,6,6,0
05.03.2010,0,3,3,0
22.01.2010,9,9,9,0
02.08.2010,2,2,2,0
25.06.2010,5,5,5,0
29.05.2010,9,9,5,4
01.05.2010,2,2,2,0
26.03.2010,3,3,3,0
05.03.2010,6,6,6,0
02.02.2010,6,6,6,0
22.01.2010,5,5,5,0
02.09.2010,3,3,3,0
25.06.2010,7,7,7,0
05.05.2010,6,6,6,0
01.05.2010,8,8,8,0
02.04.2010,0,10,10,0
22.02.2010,2,2,2,0
22.02.2010,8,8,8,0
22.01.2010,7,7,7,0
21.07.2010,4,4,4,0
01.05.2010,3,3,3,0
10.04.2010,4,4,4,0
12.03.2010,6,6,6,0
22.02.2010,3,3,3,0
01.02.2010,12,12,5,7
26.06.2010,10,10,10,0
05.05.2010,2,2,2,0
01.05.2010,3,3,3,0
10.04.2010,1,1,1,0
27.03.2010,4,4,4,0
22.02.2010,5,5,5,0
01.02.2010,6,6,6,0
27.09.2010,4,4,4,0
02.10.2010,8,8,8,0
04.09.2010,2,2,2,0
04.09.2010,9,9,9,0
02.10.2010,8,8,8,0
04.09.2010,8,8,8,0
02.10.2010,5,5,5,0
04.09.2010,8,8,8,0
26.09.2010,7,7,7,0
04.09.2010,6,6,6,0
26.09.2010,5,5,5,0
04.09.2010,6,6,4,2
17.09.2010,14,14,6,8
04.09.2010,8,8,7,1
26.09.2010,7,7,7,0
27.09.2010,7,7,7,0
04.09.2010,5,5,5,0
26.09.2010,7,4,4,0
04.09.2010,4,4,4,0
02.10.2010,6,6,6,0
04.09.2010,3,3,3,0
02.10.2010,5,5,5,0
04.09.2010,8,8,8,0
26.09.2010,8,8,8,0
04.09.2010,7,7,7,0
02.10.2010,5,5,5,0
04.09.2010,1,1,1,0
26.09.2010,10,10,10,0
04.09.2010,11,11,11,0
04.09.2010,8,8,8,0
26.09.2010,9,9,9,0
04.09.2010,6,6,6,0
02.10.2010,5,5,5,0
04.09.2010,8,8,8,0
05.11.2009,7,7,5,2
20.08.2009,6,6,6,0
09.07.2009,5,5,5,0
24.06.2009,10,10,6,4
16.05.2009,5,5,5,0
05.11.2009,8,8,4,4
27.09.2009,9,9,3,6
20.08.2009,4,4,4,0
25.07.2009,11,11,11,0
23.06.2009,10,18,8,10
16.05.2009,11,11,8,3
26.06.2009,7,7,3,4
29.05.2009,7,7,7,0
15.05.2009,5,5,5,0
17.10.2009,11,11,4,7
27.09.2009,12,12,7,5
21.08.2009,10,10,10,0
09.07.2009,7,7,7,0
22.06.2009,6,6,6,0
16.05.2009,9,9,9,0
05.11.2009,6,6,2,4
27.09.2009,8,8,5,3
16.07.2009,3,3,3,0
27.06.2009,7,7,0,7
29.05.2009,3,3,3,0
15.05.2009,13,13,3,10
17.10.2009,2,2,1,1
10.09.2009,7,7,7,0
09.08.2009,5,5,5,0
09.07.2009,8,8,8,0
22.06.2009,10,10,10,0
16.05.2009,8,8,8,0
15.05.2009,12,12,5,7
01.11.2009,14,14,11,3
20.08.2009,6,6,6,0
15.07.2009,5,5,5,0
29.05.2009,8,8,8,0
01.11.2009,8,8,6,2
29.05.2009,10,10,10,0
25.12.2009,4,4,4,0
16.11.2009,3,3,3,0
26.07.2009,1,1,1,0
21.07.2009,5,5,5,0
15.05.2009,9,9,3,6
26.05.2009,8,8,8,0
18.04.2009,8,8,8,0
27.03.2009,7,7,7,0
22.02.2009,4,4,4,0
20.02.2009,6,6,6,0
29.05.2009,7,7,7,0
02.05.2009,10,10,10,0
26.03.2009,6,6,6,0
20.02.2009,9,9,9,0
22.06.2009,3,3,3,0
18.04.2009,5,5,5,0
28.03.2009,5,5,5,0
20.02.2009,15,15,7,8
16.05.2009,11,11,11,0
26.03.2009,8,8,8,0
20.02.2009,7,7,7,0
28.01.2009,6,6,3,3
01.11.2008,10,10,3,0
23.09.2008,4,4,4,0
25.08.2008,19,9,9,0
02.08.2008,7,7,7,0
11.07.2008,9,9,9,0
26.06.2008,9,9,9,0
29.01.2009,8,8,3,5
01.01.2009,3,3,0,3
13.12.2008,6,6,6,0
16.11.2008,7,7,7,0
29.10.2008,9,9,4,2
22.09.2008,6,6,6,0
25.08.2008,14,5,5,0
02.08.2008,11,11,6,5
18.07.2008,2,2,2,0
26.06.2008,6,6,6,0
13.12.2008,5,5,5,0
17.11.2008,7,7,7,0
28.10.2008,12,12,4,2
23.09.2008,3,3,3,0
29.08.2008,12,5,5,0
06.08.2008,17,17,4,13
18.07.2008,5,5,5,0
29.06.2008,4,4,4,0
01.01.2009,5,5,0,4
13.12.2008,5,5,5,0
15.11.2008,7,7,7,0
15.10.2008,7,7,2,0
05.10.2008,14,14,10,4
04.09.2008,15,15,9,0
10.08.2008,13,14,10,4
28.07.2008,10,10,10,0
05.07.2008,6,6,6,0
27.01.2009,14,14,9,5
13.12.2008,5,5,5,0
15.11.2008,4,4,4,0
18.10.2008,20,20,8,0
23.09.2008,8,8,8,0
25.08.2008,18,6,6,0
02.08.2008,15,15,5,10
15.07.2008,7,7,7,0
01.01.2009,4,4,0,4
13.12.2008,2,2,2,0
16.11.2008,4,4,4,0
28.10.2008,14,15,8,0
22.09.2008,7,7,7,0
01.08.2008,5,5,4,1
11.07.2008,5,5,5,0
23.06.2008,4,4,4,0
02.06.2008,2,2,2,0
27.01.2009,1,1,1,0
01.01.2009,1,1,0,1
13.12.2008,3,3,3,0
15.11.2008,6,6,6,0
19.10.2008,14,14,9,0
23.09.2008,15,15,5,10
25.08.2008,18,10,10,0
04.08.2008,18,18,14,4
11.07.2008,7,7,7,0
20.06.2008,3,3,3,0
26.01.2009,5,5,3,2
13.12.2008,9,9,9,0
02.11.2008,7,7,7,0
29.10.2008,19,19,12,0
05.10.2008,15,15,11,4
11.09.2008,5,5,5,0
01.08.2008,5,5,5,0
11.07.2008,8,8,8,0
15.06.2008,4,4,4,0
29.01.2009,4,4,4,0
06.11.2008,10,10,3,0
18.10.2008,15,15,10,0
23.09.2008,3,3,3,0
25.08.2008,13,6,6,0
01.08.2008,3,3,3,0
10.07.2008,8,8,8,0
16.06.2008,6,6,6,0
26.01.2009,5,5,4,1
12.12.2008,7,7,7,0
02.11.2008,14,13,3,0
22.09.2008,4,4,4,0
27.08.2008,7,7,7,0
25.08.2008,13,7,7,0
07.07.2008,4,4,4,0
27.01.2009,7,7,4,3
26.12.2008,12,12,8,0
14.12.2008,8,8,8,0
17.11.2008,18,18,10,8
18.10.2008,17,17,5,0
02.09.2008,17,17,6,0
10.08.2008,14,14,4,10
15.07.2008,8,7,7,0
28.06.2008,7,7,7,0
22.06.2009,8,8,8,0
16.05.2009,5,5,5,0
27.03.2009,8,8,8,0
22.02.2009,8,8,8,0
18.04.2009,2,2,2,0
27.03.2009,5,5,5,0
20.02.2009,6,6,6,0
20.02.2009,7,7,7,0
22.06.2009,4,4,4,0
02.05.2009,5,5,5,0
26.03.2009,12,12,12,0
20.02.2009,11,11,11,0
16.05.2009,9,9,9,0
18.04.2009,5,5,5,0
27.03.2009,8,8,8,0
20.02.2009,7,7,7,0
29.05.2009,5,5,5,0
02.05.2009,11,11,11,0
27.03.2009,5,5,5,0
20.02.2009,3,3,3,0
22.06.2009,5,5,5,0
16.05.2009,8,8,8,0
20.02.2009,4,4,4,0
22.06.2009,3,3,3,0
02.05.2009,8,8,8,0
18.04.2009,8,8,8,0
20.02.2009,12,12,4,8
22.06.2009,7,7,7,0
16.05.2009,3,3,3,0
18.04.2009,6,6,6,0
27.03.2009,7,7,7,0
21.02.2009,13,13,6,7
